﻿{
  "$schema": "http://adaptivecards.io/schemas/adaptive-card.json",
  "type": "AdaptiveCard",
  "version": "1.0",  
  "actions": [
    {
      "type": "Action.ShowCard",
      "title": "What I do ... ",
      "card": {
        "type": "AdaptiveCard",
        "body": [
          {
            "type": "TextBlock",
            "text": "Greetings => hi",
            "size": "medium",
            "wrap": true
          },
          {
            "type": "TextBlock",
            "text": "To know the current time => what is the time now",
            "size": "medium",
            "wrap": true
          },
          {
            "type": "TextBlock",
            "text": "To know the current month => what is the name of the month",
            "size": "medium",
            "wrap": true
          },
          {
            "type": "TextBlock",
            "text": "To know the status of US => get me the status of",
            "size": "medium",
            "wrap": true
          },
          {
            "type": "TextBlock",
            "text": "To know the details of US => get me the details of",
            "size": "medium",
            "wrap": true
          },
          {
            "type": "TextBlock",
            "text": "To know all the phrases => help",
            "size": "medium",
            "wrap": true
          },
          {
            "type": "TextBlock",
            "text": "For thanks => thanks",
            "size": "medium",
            "wrap": true
          }
        ]
      }
    }    
  ]
}
